[{"model": "auth.permission", "pk": 1, "fields": {"name": "Can add log entry", "content_type": 1, "codename": "add_logentry"}}, {"model": "auth.permission", "pk": 2, "fields": {"name": "Can change log entry", "content_type": 1, "codename": "change_logentry"}}, {"model": "auth.permission", "pk": 3, "fields": {"name": "Can delete log entry", "content_type": 1, "codename": "delete_logentry"}}, {"model": "auth.permission", "pk": 4, "fields": {"name": "Can view log entry", "content_type": 1, "codename": "view_logentry"}}, {"model": "auth.permission", "pk": 5, "fields": {"name": "Can add permission", "content_type": 2, "codename": "add_permission"}}, {"model": "auth.permission", "pk": 6, "fields": {"name": "Can change permission", "content_type": 2, "codename": "change_permission"}}, {"model": "auth.permission", "pk": 7, "fields": {"name": "Can delete permission", "content_type": 2, "codename": "delete_permission"}}, {"model": "auth.permission", "pk": 8, "fields": {"name": "Can view permission", "content_type": 2, "codename": "view_permission"}}, {"model": "auth.permission", "pk": 9, "fields": {"name": "Can add group", "content_type": 3, "codename": "add_group"}}, {"model": "auth.permission", "pk": 10, "fields": {"name": "Can change group", "content_type": 3, "codename": "change_group"}}, {"model": "auth.permission", "pk": 11, "fields": {"name": "Can delete group", "content_type": 3, "codename": "delete_group"}}, {"model": "auth.permission", "pk": 12, "fields": {"name": "Can view group", "content_type": 3, "codename": "view_group"}}, {"model": "auth.permission", "pk": 13, "fields": {"name": "Can add content type", "content_type": 4, "codename": "add_contenttype"}}, {"model": "auth.permission", "pk": 14, "fields": {"name": "Can change content type", "content_type": 4, "codename": "change_contenttype"}}, {"model": "auth.permission", "pk": 15, "fields": {"name": "Can delete content type", "content_type": 4, "codename": "delete_contenttype"}}, {"model": "auth.permission", "pk": 16, "fields": {"name": "Can view content type", "content_type": 4, "codename": "view_contenttype"}}, {"model": "auth.permission", "pk": 17, "fields": {"name": "Can add session", "content_type": 5, "codename": "add_session"}}, {"model": "auth.permission", "pk": 18, "fields": {"name": "Can change session", "content_type": 5, "codename": "change_session"}}, {"model": "auth.permission", "pk": 19, "fields": {"name": "Can delete session", "content_type": 5, "codename": "delete_session"}}, {"model": "auth.permission", "pk": 20, "fields": {"name": "Can view session", "content_type": 5, "codename": "view_session"}}, {"model": "auth.permission", "pk": 21, "fields": {"name": "Can add user", "content_type": 6, "codename": "add_user"}}, {"model": "auth.permission", "pk": 22, "fields": {"name": "Can change user", "content_type": 6, "codename": "change_user"}}, {"model": "auth.permission", "pk": 23, "fields": {"name": "Can delete user", "content_type": 6, "codename": "delete_user"}}, {"model": "auth.permission", "pk": 24, "fields": {"name": "Can view user", "content_type": 6, "codename": "view_user"}}, {"model": "auth.permission", "pk": 25, "fields": {"name": "Can add astronomy show", "content_type": 7, "codename": "add_astronomyshow"}}, {"model": "auth.permission", "pk": 26, "fields": {"name": "Can change astronomy show", "content_type": 7, "codename": "change_astronomyshow"}}, {"model": "auth.permission", "pk": 27, "fields": {"name": "Can delete astronomy show", "content_type": 7, "codename": "delete_astronomyshow"}}, {"model": "auth.permission", "pk": 28, "fields": {"name": "Can view astronomy show", "content_type": 7, "codename": "view_astronomyshow"}}, {"model": "auth.permission", "pk": 29, "fields": {"name": "Can add planetarium dome", "content_type": 8, "codename": "add_planetariumdome"}}, {"model": "auth.permission", "pk": 30, "fields": {"name": "Can change planetarium dome", "content_type": 8, "codename": "change_planetariumdome"}}, {"model": "auth.permission", "pk": 31, "fields": {"name": "Can delete planetarium dome", "content_type": 8, "codename": "delete_planetariumdome"}}, {"model": "auth.permission", "pk": 32, "fields": {"name": "Can view planetarium dome", "content_type": 8, "codename": "view_planetariumdome"}}, {"model": "auth.permission", "pk": 33, "fields": {"name": "Can add reservation", "content_type": 9, "codename": "add_reservation"}}, {"model": "auth.permission", "pk": 34, "fields": {"name": "Can change reservation", "content_type": 9, "codename": "change_reservation"}}, {"model": "auth.permission", "pk": 35, "fields": {"name": "Can delete reservation", "content_type": 9, "codename": "delete_reservation"}}, {"model": "auth.permission", "pk": 36, "fields": {"name": "Can view reservation", "content_type": 9, "codename": "view_reservation"}}, {"model": "auth.permission", "pk": 37, "fields": {"name": "Can add show session", "content_type": 10, "codename": "add_showsession"}}, {"model": "auth.permission", "pk": 38, "fields": {"name": "Can change show session", "content_type": 10, "codename": "change_showsession"}}, {"model": "auth.permission", "pk": 39, "fields": {"name": "Can delete show session", "content_type": 10, "codename": "delete_showsession"}}, {"model": "auth.permission", "pk": 40, "fields": {"name": "Can view show session", "content_type": 10, "codename": "view_showsession"}}, {"model": "auth.permission", "pk": 41, "fields": {"name": "Can add show theme", "content_type": 11, "codename": "add_showtheme"}}, {"model": "auth.permission", "pk": 42, "fields": {"name": "Can change show theme", "content_type": 11, "codename": "change_showtheme"}}, {"model": "auth.permission", "pk": 43, "fields": {"name": "Can delete show theme", "content_type": 11, "codename": "delete_showtheme"}}, {"model": "auth.permission", "pk": 44, "fields": {"name": "Can view show theme", "content_type": 11, "codename": "view_showtheme"}}, {"model": "auth.permission", "pk": 45, "fields": {"name": "Can add ticket", "content_type": 12, "codename": "add_ticket"}}, {"model": "auth.permission", "pk": 46, "fields": {"name": "Can change ticket", "content_type": 12, "codename": "change_ticket"}}, {"model": "auth.permission", "pk": 47, "fields": {"name": "Can delete ticket", "content_type": 12, "codename": "delete_ticket"}}, {"model": "auth.permission", "pk": 48, "fields": {"name": "Can view ticket", "content_type": 12, "codename": "view_ticket"}}, {"model": "contenttypes.contenttype", "pk": 1, "fields": {"app_label": "admin", "model": "logentry"}}, {"model": "contenttypes.contenttype", "pk": 2, "fields": {"app_label": "auth", "model": "permission"}}, {"model": "contenttypes.contenttype", "pk": 3, "fields": {"app_label": "auth", "model": "group"}}, {"model": "contenttypes.contenttype", "pk": 4, "fields": {"app_label": "contenttypes", "model": "contenttype"}}, {"model": "contenttypes.contenttype", "pk": 5, "fields": {"app_label": "sessions", "model": "session"}}, {"model": "contenttypes.contenttype", "pk": 6, "fields": {"app_label": "user", "model": "user"}}, {"model": "contenttypes.contenttype", "pk": 7, "fields": {"app_label": "planetarium", "model": "astronomyshow"}}, {"model": "contenttypes.contenttype", "pk": 8, "fields": {"app_label": "planetarium", "model": "planetariumdome"}}, {"model": "contenttypes.contenttype", "pk": 9, "fields": {"app_label": "planetarium", "model": "reservation"}}, {"model": "contenttypes.contenttype", "pk": 10, "fields": {"app_label": "planetarium", "model": "showsession"}}, {"model": "contenttypes.contenttype", "pk": 11, "fields": {"app_label": "planetarium", "model": "showtheme"}}, {"model": "contenttypes.contenttype", "pk": 12, "fields": {"app_label": "planetarium", "model": "ticket"}}, {"model": "user.user", "pk": 1, "fields": {"password": "pbkdf2_sha256$320000$ompCJKy0p2Xw0x1DAQbPVo$g4dM2C0x9RMJOOjcjiJ3BskG6rnfv01Op+t625qxEds=", "last_login": null, "is_superuser": true, "first_name": "", "last_name": "", "is_staff": true, "is_active": true, "date_joined": "2023-08-10T11:16:53.057Z", "email": "admin@ukr.net", "groups": [], "user_permissions": []}}, {"model": "planetarium.showtheme", "pk": 1, "fields": {"name": "Journey through the Solar System"}}, {"model": "planetarium.showtheme", "pk": 2, "fields": {"name": "The Night Sky Adventure"}}, {"model": "planetarium.showtheme", "pk": 3, "fields": {"name": "Black Holes and Beyond"}}, {"model": "planetarium.showtheme", "pk": 4, "fields": {"name": "Life Beyond Earth"}}, {"model": "planetarium.showtheme", "pk": 5, "fields": {"name": "Exploring the Milky Way"}}, {"model": "planetarium.showtheme", "pk": 6, "fields": {"name": "Cosmic Origins"}}, {"model": "planetarium.showtheme", "pk": 7, "fields": {"name": "Eclipses and Transits"}}, {"model": "planetarium.showtheme", "pk": 8, "fields": {"name": "Space Travel and Beyond"}}, {"model": "planetarium.showtheme", "pk": 9, "fields": {"name": "Ancient Astronomy and Mythology"}}, {"model": "planetarium.showtheme", "pk": 10, "fields": {"name": "The Multiverse Hypothesis"}}, {"model": "planetarium.astronomyshow", "pk": 1, "fields": {"title": "Cosmic Wonders: Journey Through the Universe", "description": "Embark on an awe-inspiring journey through the vast cosmos, from our solar system to the edge of the observable universe. Explore stunning visuals of galaxies, nebulae, and cosmic phenomena while learning about the latest discoveries in astronomy.", "image": "", "show_themes": [6, 7]}}, {"model": "planetarium.astronomyshow", "pk": 2, "fields": {"title": "Mysteries of the Black Hole", "description": "Plunge into the heart of darkness as we unravel the enigma of black holes. Witness the formation, behavior, and gravitational influence of these cosmic beasts and explore their role in shaping the universe.", "image": "uploads/movies/mysteries-of-the-black-hole-b0754471-a263-439e-b9dd-b8796f670421.jpg", "show_themes": [3]}}, {"model": "planetarium.astronomyshow", "pk": 3, "fields": {"title": "The Solar System Odyssey", "description": "Take an immersive tour of our solar system's planets, moons, and other celestial bodies. Learn about their unique features, geological processes, and the ongoing exploration missions that reveal their secrets.", "image": "", "show_themes": [1, 8]}}, {"model": "planetarium.astronomyshow", "pk": 4, "fields": {"title": "Starry Legends: Mythology and Astronomy", "description": "Discover the fascinating connections between ancient myths and the stars above. Explore how different cultures interpreted constellations and celestial events and learn how these stories continue to shape our understanding of the night sky.", "image": "", "show_themes": [9]}}, {"model": "planetarium.astronomyshow", "pk": 5, "fields": {"title": "The Search for Alien Worlds", "description": "Venture beyond our solar system to explore exoplanets — distant worlds orbiting other stars. Witness their diverse landscapes, climates, and potential for habitability, all while pondering the question of life beyond Earth.", "image": "", "show_themes": [4]}}, {"model": "planetarium.astronomyshow", "pk": 6, "fields": {"title": "Eclipses: Celestial Ballet", "description": "Uncover the captivating dance between the Earth, the Moon, and the Sun that leads to solar and lunar eclipses. Learn about the science behind these rare events and witness their stunning beauty.", "image": "uploads/movies/eclipses-celestial-ballet-400ca7b2-e699-488e-94eb-a913aaf17bc9.jpg", "show_themes": [7, 9]}}, {"model": "planetarium.astronomyshow", "pk": 7, "fields": {"title": "Galactic Symphony: Music of the Cosmos", "description": "Immerse yourself in a sensory experience that combines celestial visuals with an ethereal soundtrack. Journey through the universe while enjoying a symphony composed of cosmic sounds and harmonies.", "image": "", "show_themes": [2]}}, {"model": "planetarium.astronomyshow", "pk": 8, "fields": {"title": "The Farthest Reaches: Exploring Deep Space", "description": "Dive into the depths of space to witness the furthest galaxies and objects observable from Earth. Understand the expansion of the universe, cosmic inflation, and the cutting-edge technologies used to explore the unknown.", "image": "", "show_themes": [2, 5, 6, 8]}}, {"model": "planetarium.astronomyshow", "pk": 9, "fields": {"title": "Astronaut's View: Space Travel and Beyond", "description": "Embark on a virtual space mission, experiencing what astronauts see and feel during space travel. Discover life on the International Space Station, glimpse Earth from orbit, and dream about future interplanetary journeys.", "image": "uploads/movies/astronauts-view-space-travel-and-beyond-eca22ec8-9dde-47d9-b172-32d255e70cb6.jpg", "show_themes": [4]}}, {"model": "planetarium.astronomyshow", "pk": 10, "fields": {"title": "Starlore: Tales of the Night Sky", "description": "Unveil the stories and myths behind the constellations that have inspired cultures across history. Travel through time to witness how these tales connect humanity with the cosmos.", "image": "", "show_themes": [2, 9]}}, {"model": "planetarium.planetariumdome", "pk": 1, "fields": {"name": "Immersive Universe Dome", "rows": 15, "seats_in_row": 20}}, {"model": "planetarium.planetariumdome", "pk": 2, "fields": {"name": "Solar System Exploration Dome", "rows": 20, "seats_in_row": 24}}, {"model": "planetarium.planetariumdome", "pk": 3, "fields": {"name": "Cosmic Odyssey Dome", "rows": 20, "seats_in_row": 24}}, {"model": "planetarium.planetariumdome", "pk": 4, "fields": {"name": "Historical Sky Dome", "rows": 15, "seats_in_row": 18}}, {"model": "planetarium.planetariumdome", "pk": 5, "fields": {"name": "Underwater Universe Dome", "rows": 10, "seats_in_row": 20}}, {"model": "planetarium.planetariumdome", "pk": 6, "fields": {"name": "Exoplanet Exploration Dome", "rows": 12, "seats_in_row": 23}}, {"model": "planetarium.planetariumdome", "pk": 7, "fields": {"name": "Mythology and Astronomy Dome", "rows": 14, "seats_in_row": 25}}, {"model": "planetarium.planetariumdome", "pk": 8, "fields": {"name": "Future Space Travel Dome", "rows": 16, "seats_in_row": 22}}, {"model": "planetarium.planetariumdome", "pk": 9, "fields": {"name": "Multimedia Spectacle Dome", "rows": 20, "seats_in_row": 20}}, {"model": "planetarium.planetariumdome", "pk": 10, "fields": {"name": "Virtual Reality Dome", "rows": 24, "seats_in_row": 16}}, {"model": "planetarium.showsession", "pk": 1, "fields": {"show_time": "2023-08-02T12:00:00Z", "astronomy_show": 9, "planetarium_dome": 1}}, {"model": "planetarium.showsession", "pk": 2, "fields": {"show_time": "2023-08-07T10:40:00Z", "astronomy_show": 6, "planetarium_dome": 2}}, {"model": "planetarium.showsession", "pk": 3, "fields": {"show_time": "2023-08-30T11:36:00Z", "astronomy_show": 4, "planetarium_dome": 7}}, {"model": "planetarium.showsession", "pk": 4, "fields": {"show_time": "2023-08-20T15:15:00Z", "astronomy_show": 5, "planetarium_dome": 3}}, {"model": "planetarium.showsession", "pk": 5, "fields": {"show_time": "2023-08-22T15:00:00Z", "astronomy_show": 2, "planetarium_dome": 3}}, {"model": "planetarium.showsession", "pk": 6, "fields": {"show_time": "2023-08-22T15:00:00Z", "astronomy_show": 10, "planetarium_dome": 7}}, {"model": "planetarium.reservation", "pk": 1, "fields": {"created_at": "2023-08-10T11:41:48.318Z", "user": 1}}, {"model": "planetarium.reservation", "pk": 2, "fields": {"created_at": "2023-08-10T11:42:25.970Z", "user": 1}}, {"model": "planetarium.reservation", "pk": 3, "fields": {"created_at": "2023-08-10T11:43:31.922Z", "user": 1}}, {"model": "planetarium.ticket", "pk": 1, "fields": {"row": 5, "seat": 9, "show_session": 1, "reservation": 1}}, {"model": "planetarium.ticket", "pk": 2, "fields": {"row": 5, "seat": 10, "show_session": 1, "reservation": 1}}, {"model": "planetarium.ticket", "pk": 3, "fields": {"row": 5, "seat": 11, "show_session": 1, "reservation": 1}}, {"model": "planetarium.ticket", "pk": 4, "fields": {"row": 6, "seat": 10, "show_session": 2, "reservation": 2}}, {"model": "planetarium.ticket", "pk": 5, "fields": {"row": 6, "seat": 11, "show_session": 2, "reservation": 2}}, {"model": "planetarium.ticket", "pk": 6, "fields": {"row": 8, "seat": 7, "show_session": 4, "reservation": 3}}, {"model": "planetarium.ticket", "pk": 7, "fields": {"row": 8, "seat": 8, "show_session": 4, "reservation": 3}}, {"model": "planetarium.ticket", "pk": 8, "fields": {"row": 8, "seat": 9, "show_session": 4, "reservation": 3}}]